{"cameraMode":{"drawMode":0,"name":"Shaded","section":"Shading Mode"},"sceneLighting":true,"audioPlay":false,"sceneViewState":{"showFog":true,"showMaterialUpdate":false,"showSkybox":true,"showFlares":true,"showImageEffects":true,"showParticleSystems":true},"in2DMode":false,"pivot":{"x":-8.5,"y":2.6815428733825685,"z":17.988000869750978},"rotation":{"x":0.45843225717544558,"y":0.02266029827296734,"z":-0.01169066596776247,"w":0.8883635401725769},"size":8.365530967712403,"orthographic":true}