{"cameraMode":{"drawMode":0,"name":"Shaded","section":"Shading Mode"},"sceneLighting":false,"audioPlay":false,"sceneViewState":{"showFog":true,"showMaterialUpdate":false,"showSkybox":false,"showFlares":true,"showImageEffects":true,"showParticleSystems":true},"in2DMode":false,"pivot":{"x":-8.682455062866211,"y":3.9600000381469728,"z":16.235715866088868},"rotation":{"x":0.1310843676328659,"y":-0.0890965536236763,"z":0.011829597875475884,"w":0.9872885942459106},"size":2.2863056659698488,"orthographic":true}