{"cameraMode":{"drawMode":0,"name":"Shaded","section":"Shading Mode"},"sceneLighting":true,"audioPlay":false,"sceneViewState":{"showFog":true,"showMaterialUpdate":false,"showSkybox":true,"showFlares":true,"showImageEffects":true,"showParticleSystems":true},"in2DMode":false,"pivot":{"x":-6.854608535766602,"y":-6.339942932128906,"z":11.340838432312012},"rotation":{"x":0.24622288346290589,"y":-0.31965672969818118,"z":0.08640661835670471,"w":0.910893976688385},"size":26.44830322265625,"orthographic":true}