{"cameraMode":{"drawMode":0,"name":"Shaded","section":"Shading Mode"},"sceneLighting":false,"audioPlay":false,"sceneViewState":{"showFog":true,"showMaterialUpdate":false,"showSkybox":false,"showFlares":true,"showImageEffects":true,"showParticleSystems":true},"in2DMode":false,"pivot":{"x":-3.5546085834503176,"y":-7.066114902496338,"z":11.340838432312012},"rotation":{"x":0.24622288346290589,"y":-0.31965672969818118,"z":0.08640661835670471,"w":0.910893976688385},"size":11.150546073913575,"orthographic":true}