{"cameraMode":{"drawMode":0,"name":"Shaded","section":"Shading Mode"},"sceneLighting":false,"audioPlay":false,"sceneViewState":{"showFog":true,"showMaterialUpdate":false,"showSkybox":false,"showFlares":true,"showImageEffects":true,"showParticleSystems":true},"in2DMode":false,"pivot":{"x":-8.51551628112793,"y":2.6815428733825685,"z":16.425798416137697},"rotation":{"x":-0.19022607803344727,"y":0.007362979929894209,"z":-0.00142672099173069,"w":-0.9817116856575012},"size":10.992378234863282,"orthographic":true}